a017f66dc89c7bd6fcc96fc560abfa842ecb8833d2d5fbf27a38faed35f81991	2026-07-31	raw/amemiya-2019-encode-blacklist.xml	The ENCODE Blacklist: Identification of Problematic Regions of the Genome — Haley M Amemiya, Anshul Kundaje, Alan P Boyle (2019)
f42ea1506c6e6aa59a534bbff09828968c8d802e048270a366e4680fc6aefc93	2026-07-31	raw/anders-2010-deseq.xml	Differential expression analysis for sequence count data — Simon Anders, Wolfgang Huber (2010)
bb7915d341d603d96bdb5d828cedd436076510ef2c775b0b33b9b5f4d58003bd	2026-07-31	raw/angelini-2015-chip-seq-normalization-diagnostic.xml	Is this the right normalization? A diagnostic tool for ChIP-seq normalization — Claudia Angelini, Ruth Heller, Rita Volkinshtein, Daniel Yekutieli (2015)
eddbdc093eb4d48662bcf4fbd1c6735ccd606205cc9070977ce317d68aff3941	2026-07-31	raw/assran-2023-ijepa.pdf	Self-Supervised Learning from Images with a Joint-Embedding Predictive Architecture — Mahmoud Assran, Quentin Duval, Ishan Misra, Piotr Bojanowski, Pascal Vincent, Michael Rabbat, Yann LeCun, Nicolas Ballas (2023)
8d08573a145859215c9edfddc18f33cfcbdf84852bce00ae8fe533f1a23707bc	2026-07-31	raw/avsec-2021-bpnet.html	Base-resolution models of transcription-factor binding reveal soft motif syntax — Ziga Avsec, Melanie Weilert, Avanti Shrikumar, Sabrina Krueger, Amr Alexandari, Khyati Dalal, et al (2021)
354632b465ccce978c56e049a314134cb74ad78a5301c8c8bf3127aa06d6c3b0	2026-07-31	raw/avsec-2021-enformer.xml	Effective gene expression prediction from sequence by integrating long-range interactions — Ziga Avsec, Vikram Agarwal, Daniel Visentin, Joseph R Ledsam, Agnieszka Grabska-Barwinska, Kyle R Taylor, Yannis Assael, John Jumper, Pushmeet Kohli, David R Kelley (2021)
4091ac4de334c4061dfb3b899535c6483ff344ace9cafb2a02f3b46af3a18925	2026-07-31	raw/boix-2021-regulatory-genomic-circuitry.xml	Regulatory genomic circuitry of human disease loci by integrative epigenomics — Carles A Boix, Benjamin T James, Yongjin P Park, Wouter Meuleman, Manolis Kellis (2021)
674f20c41894f9419568429df12fc2e64652f2e9c75c28738d0d4f412799fae7	2026-07-31	raw/bonhoure-2014-chip-seq-spiking.xml	Quantifying ChIP-seq data: a spiking method providing an internal reference for sample-to-sample normalization — Nicolas Bonhoure, Gergana Bounova, David Bernasconi, Viviane Praz, Frederic Lammers, Donatella Canella, et al (2014)
515827ed16a3348dec001562b5a790d35c01c2ff7d5d2591fb1494bb66d35305	2026-07-31	raw/bujold-2016-ihec-data-portal.pdf	The International Human Epigenome Consortium Data Portal — David Bujold, David Anderson de Lima Morais, Carol Gauthier, Catherine Cote, Maxime Caron, Tony Kwan, Kuang Chung Chen, Jonathan Laperle, Alexei Nordell Markovits, Tomi Pastinen, et al (2016)
5692a5514787a8c6727b4ff3b726a3385798bc68e12138d1d4af83947e2acf6e	2026-07-31	raw/devlin-2019-bert.pdf	BERT: Pre-training of Deep Bidirectional Transformers for Language Understanding — Jacob Devlin, Ming-Wei Chang, Kenton Lee, Kristina Toutanova (2019)
8db8b7497d22433b4adf18c04abb94dd0baed53f43536478f192db134d4948ba	2026-07-31	raw/durham-2018-predictd.xml	PREDICTD PaRallel Epigenomics Data Imputation with Cloud-based Tensor Decomposition — Timothy J Durham, Maxwell W Libbrecht, J Jeffry Howbert, Jeff Bilmes, William Stafford Noble (2018)
44da47c8f07be6c2542051955cdb8ebed6d78983aca0e6406ab0cbe01418f71e	2026-07-31	raw/encode-2020-expanded-encyclopedias.xml	Expanded encyclopaedias of DNA elements in the human and mouse genomes — ENCODE Project Consortium, Jill E Moore, Michael J Purcaro, Henry E Pratt, Charles B Epstein, Noam Shoresh, Jessika Adrian, Trupti Kawli, Carrie A Davis, Alexander Dobin, et al (2020)
c6553d718debd584f0a28aafd35185ea50ec60cb5378533169813e8d2217b0dd	2026-07-31	raw/ernst-2012-chromhmm.xml	ChromHMM: automating chromatin-state discovery and characterization — Jason Ernst, Manolis Kellis (2012)
e2cbebb431c613e1208e3a3537deba75ddbde3703a4c6103c78fdc0ed66e3c89	2026-07-31	raw/ernst-2015-chromimpute.xml	Large-scale imputation of epigenomic datasets for systematic annotation of diverse human tissues — Jason Ernst, Manolis Kellis (2015)
ca5d11cc32959f9b16aed64bad62ab6ceaab67a4f6878a43369512cc88d17c32	2026-07-31	raw/fantom5-2014-promoter-level-expression-atlas.html	A promoter-level mammalian expression atlas — FANTOM Consortium and the RIKEN PMI and CLST (DGT), Alistair R R Forrest, Hideya Kawaji, Michael Rehli, J Kenneth Baillie, Michiel J L de Hoon, et al (2014)
93e557c9e281d6805efb76b818d8b77d61c7abe9f4eeb5110e398960ef1926d2	2026-07-31	raw/gtex-2017-genetic-effects-gene-expression.xml	Genetic effects on gene expression across human tissues — GTEx Consortium, Laboratory Data Analysis and Coordinating Center (LDACC), Statistical Methods groups, Enhancing GTEx (eGTEx) groups, NIH Common Fund, NIH/NCI, et al (2017)
cb654a65acb785ed4387d6c2db1301d065075dddc2d363676836a2f2a14bc50d	2026-07-31	raw/guo-2017-calibration-modern-neural-networks.pdf	On Calibration of Modern Neural Networks — Chuan Guo, Geoff Pleiss, Yu Sun, Kilian Q Weinberger (2017)
3a76c6984a71f6eb20d31768c4392d81996d36de4f8573d6d6850bfefdc0e21c	2026-07-31	raw/harrow-2012-gencode.xml	GENCODE: the reference human genome annotation for The ENCODE Project — Jennifer Harrow, Adam Frankish, Jose M Gonzalez, Electra Tapanari, Mark Diekhans, Felix Kokocinski, et al (2012)
60a509504e7cf0acf8f085d646efabd25bfb9a94a5cb3d085976f231b9baf424	2026-07-31	raw/hawkins-hooker-2023-edice.xml	Getting personal with epigenetics: towards individual-specific epigenomic imputation with machine learning — Alex Hawkins-Hooker, Giovanni Visona, Tanmayee Narendra, Mateo Rojas-Carulla, Bernhard Scholkopf, Gabriele Schweikert (2023)
1b490443925c72a2b7c770f90dd797e248729ae34a57e1abfe9ed36751c4cc5b	2026-07-31	raw/he-2022-masked-autoencoders.pdf	Masked Autoencoders Are Scalable Vision Learners — Kaiming He, Xinlei Chen, Saining Xie, Yanghao Li, Piotr Dollar, Ross Girshick (2022)
c14d4eb11fe400ee7baa58d636cca3a5f633e9f0328a47fd04281edbff7fa182	2026-07-31	raw/hicks-2018-smooth-quantile-normalization.pdf	Smooth quantile normalization — Stephanie C Hicks, Kwame Okrah, Joseph N Paulson, John Quackenbush, Rafael A Irizarry, Hector Corrada Bravo (2018)
5f361036c577f0f1b2a465ab0fc7ad31c629d19acdf87c86a55f4f11d5616829	2026-07-31	raw/hoffman-2012-segway.xml	Unsupervised pattern discovery in human chromatin structure through genomic segmentation — Michael M Hoffman, Orion J Buske, Jie Wang, Zhiping Weng, Jeff A Bilmes, William Stafford Noble (2012)
b50a964c969d0ae8ec3f46734f41babb49f7da122b97ef08c8e19a49784bd623	2026-07-31	raw/ji-2021-dnabert.html	DNABERT: pre-trained Bidirectional Encoder Representations from Transformers model for DNA-language in genome — Yanrong Ji, Zhihan Zhou, Han Liu, Ramana V Davuluri (2021)
afb96e15075ef745a9acc4938402917a864915530a6397316c11fa5c205a6d44	2026-07-31	raw/jung-2014-sequencing-depth-chip-seq.xml	Impact of sequencing depth in ChIP-seq experiments — Youngsook L Jung, Lovelace J Luquette, Joshua W K Ho, Francesco Ferrari, Michael Tolstorukov, Aki Minoda, et al (2014)
ad9c07d8902980a60182f89f1493d49dfb70b6845d5b4ed94e059ddd33940b77	2026-07-31	raw/landt-2012-chip-seq-guidelines.xml	ChIP-seq guidelines and practices of the ENCODE and modENCODE consortia — Stephen G Landt, Georgi K Marinov, Anshul Kundaje, Pouya Kheradpour, Florencia Pauli, Serafim Batzoglou, Bradley E Bernstein, Peter Bickel, James B Brown, Philip Cayting, et al (2012)
fb7ce90538da6575bd0e60077ae65741027141e59a7b7c6b992c40a47f1718e5	2026-07-31	raw/langmead-2012-bowtie2.xml	Fast gapped-read alignment with Bowtie 2 — Ben Langmead, Steven L Salzberg (2012)
aa951daba2434111d7f048af32425eac6f323045a49d7ab10330199ef11ad048	2026-07-31	raw/li-2009-bwa.xml	Fast and accurate short read alignment with Burrows-Wheeler transform — Heng Li, Richard Durbin (2009)
2b623872643ff82f5b43c0ef5fdb2966b5b124e7045adb9224962de10a3d693b	2026-07-31	raw/lindeboom-2021-human-cell-atlas.pdf	Towards a Human Cell Atlas: Taking Notes from the Past — Rik G H Lindeboom, Aviv Regev, Sarah A Teichmann (2021)
fc7c0e839c9fe1f44cd6421a2801e72968c0db90ce061b9f5c2674073f3f3265	2026-07-31	raw/mckenna-2010-gatk.pdf	The Genome Analysis Toolkit: a MapReduce framework for analyzing next-generation DNA sequencing data — Aaron McKenna, Matthew Hanna, Eric Banks, Andrey Sivachenko, Kristian Cibulskis, Andrew Kernytsky, et al (2010)
765acea6f2a78b1d76961392099cd0af49cb2e7d6f06d0b3d82f1dbe9cdcd363	2026-07-31	raw/perez-2018-film.pdf	FiLM: Visual Reasoning with a General Conditioning Layer — Ethan Perez, Florian Strub, Harm de Vries, Vincent Dumoulin, Aaron Courville (2018)
9735c456dce93341d58dced6f5c8c3581c67f051607f2e32a2871b4b1a25c40e	2026-07-31	raw/polit-2021-chipin.xml	CHIPIN: ChIP-seq inter-sample normalization based on signal invariance across transcriptionally constant genes — Lelia Polit, Gwenneg Kerdivel, Sebastian Gregoricchio, Michela Esposito, Christel Guillouf, Valentina Boeva (2021)
1b4367b7241423d61970b72adb7418246db8a423283f7212130358152084f0b0	2026-07-31	raw/qin-2017-tf-binding-deep-learning-imputation.xml	Imputation for transcription factor binding predictions based on deep learning — Qian Qin, Jianxing Feng (2017)
f4447889cbe75f4aff840444c34acee5ab9613ba58a2bee48b08e674a6ce416c	2026-07-31	raw/ramilowski-2020-lncrna-functional-annotation.xml	Functional annotation of human long noncoding RNAs via molecular phenotyping — Jordan A Ramilowski, Chi Wai Yip, Saumya Agrawal, Jen-Chien Chang, Yari Ciani, Ivan V Kulakovskiy, et al (2020)
f57aca51166370d2c1e339d8cfb59d7b60ba4ae8126f96e0c7423b3b6fd684df	2026-07-31	raw/reske-2020-atac-seq-normalization.xml	ATAC-seq normalization method can significantly affect differential accessibility analysis and interpretation — Jake J Reske, Mike R Wilson, Ronald L Chandler (2020)
8762f717d57a228671c75991447def13fe01a0e446335dd5ed84068e4deac085	2026-07-31	raw/roadmap-2015-111-reference-epigenomes.pdf	Integrative analysis of 111 reference human epigenomes — Roadmap Epigenomics Consortium, Anshul Kundaje, Wouter Meuleman, Jason Ernst, Misha Bilenky, Angela Yen, et al (2015)
63d5ed8eeb8fb65c83ccf22d004ed94f212f9eb309837ac71bed489f62313353	2026-07-31	raw/schreiber-2020-avocado.xml	Avocado: a multi-scale deep tensor factorization method learns a latent representation of the human epigenome — Jacob Schreiber, Timothy Durham, Jeffrey Bilmes, William Stafford Noble (2020)
26af5a5e6537719bedc3753b4380de7de885d8fc0966e40fc1f1a45864192c5f	2026-07-31	raw/schreiber-2020-encode3-compendium.xml	Completing the ENCODE3 compendium yields accurate imputations across a variety of assays and human biosamples — Jacob Schreiber, Jeffrey Bilmes, William Stafford Noble (2020)
d91c042940bc476b45e858c647aeacfd4262b598d394610c0123692ebb882bb6	2026-07-31	raw/schreiber-2020-pitfall-cross-cell-type.xml	A pitfall for machine learning methods aiming to predict across cell types — Jacob Schreiber, Ritambhara Singh, Jeffrey Bilmes, William Stafford Noble (2020)
f3d67be2955b4bf62f3ae99fb3b4a6bcd4fa701112e98aa11611716a5d1daf7a	2026-07-31	raw/schreiber-2023-encode-imputation-challenge.pdf	The ENCODE Imputation Challenge: a critical assessment of methods for cross-cell type imputation of epigenomic profiles — Jacob M Schreiber, Carles A Boix, Jin Wook Lee, Hongyang Li, Yuanfang Guan, Chun-Chieh Chang, Jen-Chien Chang, Alex Hawkins-Hooker, Bernhard Scholkopf, Gabriele Schweikert, Mateo Rojas Carulla, Arif Canakoglu, Francesco Guzzo, Luca Nanni, Marco Masseroli, Mark James Carman, Pietro Pinoli, Chenyang Hong, Kevin Y Yip, Jeffrey P Spence, Sanjit Singh Batra, Yun S Song, Shaun Mahony, Zheng Zhang, Wuwei Tan, Yang Shen, Yuanfei Sun, Minyi Shi, Jessika Adrian, Richard S Sandstrom, Nina P Farrell, Jessica M Halow, Kristen Lee, Lixia Jiang, Xinqiong Yang, Charles B Epstein, J Seth Strattan, Bradley E Bernstein, Michael P Snyder, Manolis Kellis, William S Noble, Anshul Kundaje (2023)
bd05a346da6e9beeac13249d323c0272f7b40a3f4bd9140f18be653e3d59d517	2026-07-31	raw/shahraki-2024-robust-chromatin-state-annotation.xml	Robust chromatin state annotation — Mehdi Foroozandeh Shahraki, Marjan Farahbod, Maxwell W Libbrecht (2024)
6c8a0d597d713d13a299c4a94ff754c6b67bd5b9aa9b9b256e5d1e9e29d64a2a	2026-07-31	raw/stunnenberg-2016-ihec-blueprint.pdf	The International Human Epigenome Consortium: A Blueprint for Scientific Collaboration and Discovery — Hendrik G Stunnenberg, International Human Epigenome Consortium, Martin Hirst (2016)
e9a481fbe1c8a20b7b1fa566b13102a1896c7829fa9a8b4c80528452a5ddaf79	2026-07-31	raw/su-2021-roformer-rope.pdf	RoFormer: Enhanced Transformer with Rotary Position Embedding — Jianlin Su, Yu Lu, Shengfeng Pan, Ahmed Murtadha, Bo Wen, Yunfeng Liu (2021)
c9de7ee93ed921c8829e4d7e747aa6e584872b2d69015e99ec8f2f765580e1fa	2026-07-31	raw/teng-2021-chip-seq-batch-effects.xml	Characterizing batch effects and binding site-specific variability in ChIP-seq data — Mingxiang Teng, Dongliang Du, Danfeng Chen, Rafael A Irizarry (2021)
59e36d7ca09163a6b2fbe9b37161f761e59810ccdccc8c450f0fcc6f77401ef9	2026-07-31	raw/townes-2020-quantile-normalization-scrnaseq.xml	Quantile normalization of single-cell RNA-seq read counts without unique molecular identifiers — F William Townes, Rafael A Irizarry (2020)
bdfaa68d8984f0dc02beaca527b76f207d99b666d31d1da728ee0728182df697	2026-07-31	raw/vaswani-2017-attention-is-all-you-need.pdf	Attention Is All You Need — Ashish Vaswani, Noam Shazeer, Niki Parmar, Jakob Uszkoreit, Llion Jones, Aidan N Gomez, Lukasz Kaiser, Illia Polosukhin (2017)
c323e52e4721b65637fdf762017f4839c60a85257a14a083f3bc59241ffb4447	2026-07-31	raw/wen-2024-discriminative-histone-imputation.pdf	Discriminative histone imputation using chromatin accessibility — Wen Wen, Jiaxin Zhong, Zhaoxi Zhang, Lijuan Jia, Tinyi Chu, Nating Wang, Charles G Danko, Zhong Wang (2024)
a38e93c0a4402df77fb8b0cab5ac117339da6edff2b5aca0d387b5500a9f78bc	2026-07-31	raw/xiang-2020-s3norm.xml	S3norm: simultaneous normalization of sequencing depth and signal-to-noise ratio in epigenomic data — Guanjue Xiang, Cheryl A Keller, Belinda Giardine, Lin An, Qunhua Li, Yu Zhang, Ross C Hardison (2020)
ce2e3863f8e1655cd7e4eef354c44bb3a918ecea24ed3e9fddd7e63aee858b15	2026-07-31	raw/yoon-2020-vime.pdf	VIME: Extending the Success of Self- and Semi-supervised Learning to Tabular Domain — Jinsung Yoon, Yao Zhang, James Jordon, Mihaela van der Schaar (2020)
e9879c31fbdb5ec24f52f19488cc894275c32a2be40e886e9cec75dbce471c1d	2026-07-31	raw/zhang-2008-macs.xml	Model-based Analysis of ChIP-Seq (MACS) — Yong Zhang, Tao Liu, Clifford A Meyer, Jerome Eeckhoute, David S Johnson, Bradley E Bernstein, Chad Nusbaum, Richard M Myers, Myles Brown, Wei Li, X Shirley Liu (2008)
f179bb81fc7963cecf719862722cf34868db6ee3a81e89a96c5835e5af8e0c1b	2026-07-31	raw/zhang-2023-epcot.xml	A generalizable framework to comprehensively predict epigenome, chromatin organization, and transcriptome — Zhenhao Zhang, Fan Feng, Yiyang Qiu, Jie Liu (2023)
7187d618731613f66cfb326556dd6cd22a315ba4a8c10c8458a470df4dc55920	2026-07-31	raw/zhao-2020-quantile-normalization-correctly.xml	How to do quantile normalization correctly for gene expression data analyses — Yilin Zhao, Limsoon Wong, Wilson Wen Bin Goh (2020)
