commit	primary_score	metric_phase	imp_r2	den_r2	dcr	imp_pearson	vram_mb	vram_ok	status	description
f91dab7e	-0.629592	den	-0.551632	-0.279592	3.974149	0.372441	110.026855	true	ok	exp1 dsf_sampling=off
5f4d0210	-1.850400	den	-2.321531	-1.500400	3.959001	0.258985	110.026855	true	ok	exp2 imp=8 obs=0.5 dsf=off
c36cceb7	-0.950073	den	-2.286794	-0.600073	3.938994	0.332772	110.026855	true	ok	exp3 obs_weight=2.0 dsf=off
262d270e	-0.506968	den	-1.047308	-0.156968	4.017306	0.247998	110.026855	true	ok	exp4 depth_center=26.0 dsf=off
b45c6f6f	-0.367147	den	-1.384923	-0.017147	3.986746	0.252835	110.026855	true	ok	exp5 depth_center=25.0 dsf=off
4f2fc61d	-0.418428	den	-1.074788	-0.068428	4.054355	0.239750	110.026855	true	ok	exp6 depth_center=24.0 dsf=off
dfaefc9c	-0.800048	den	-3.203144	-0.450048	3.923910	0.296504	110.026855	true	ok	exp7 lambda_mse_obs=0.1 dc=24 dsf=off
2b7824cf	-0.204189	den	-0.254888	0.145811	3.992030	0.370674	110.026855	true	ok	exp8 depth_center=23.0 dsf=off
e1f3cdd1	-0.628078	den	-0.996214	-0.278078	3.954288	0.310148	110.026855	true	ok	exp9 depth_center=22.0 dsf=off
7f6ee449	-0.128703	den	-0.176813	0.221297	3.989259	0.317923	110.026855	true	ok	exp10 imp_weight=0.5 dc=23 mse_obs=0.1
715dc04c	-0.047881	den	-0.122555	0.302119	4.006324	0.320660	110.026855	true	ok	exp11 obs_weight=3.0 imp=0.5 dc=23
413b30e6	-0.099630	den	-0.639049	0.250370	3.987898	0.388987	110.026855	true	ok	exp12 obs_weight=4.0 imp=0.5 dc=23
53f64e79	-0.082743	den	0.002250	0.267257	4.019624	0.360498	110.026855	true	ok	exp13 lambda_mse_obs=0.5 obs=3 imp=0.5 dc=23
9c51230d	-0.124179	den	-0.559571	0.225821	4.005703	0.320236	110.026855	true	ok	exp14 mse_on_log1p=True obs=3 imp=0.5 dc=23
ca35c45e	-0.075122	den	-0.367187	0.274878	3.995636	0.392545	110.026855	true	ok	exp15 imp_weight=0.25 obs=3 dc=23
4faf4b1a	-0.118905	den	0.036094	0.231095	3.965460	0.400242	110.026855	true	ok	exp16 lambda_mse_obs=0.3 obs=3 imp=0.5 dc=23
438472d0	-0.066467	den	-0.158466	0.283533	4.008117	0.288663	110.026855	true	ok	exp17 clip_norm=1.0 obs=3 dc=23
e523a9ab	-0.283120	den	-5.959405	0.066880	3.989460	0.251678	110.026855	true	ok	exp18 lr=5e-4 obs=3 dc=23
6890f98e	-0.026632	den	-0.294785	0.323368	3.980209	0.386124	110.026855	true	ok	exp19 obs_weight=3.5 dc=23
3d62fc01	-0.037538	den	-0.137319	0.312462	4.013334	0.400913	110.026855	true	ok	exp20 obs_weight=3.75 dc=23
aca82557	-0.108356	den	0.103381	0.241644	3.998656	0.397837	110.026855	true	ok	exp21 depth_center=22.5 obs=3.5
38afb330	-0.038834	den	-0.690324	0.311166	4.009979	0.367384	110.026855	true	ok	exp22 lambda_mse_obs=0.2 obs=3.5 dc=23
694ac68c	-0.014888	den	-0.588839	0.335112	3.985567	0.387638	110.026855	true	ok	exp23 count_weight=2.0 obs=3.5 dc=23
792a71c7	-0.043138	den	-0.043282	0.306862	3.998915	0.312642	110.026855	true	ok	exp24 count_weight=2.5 obs=3.5 dc=23
bba723ec	-0.089414	den	-0.652944	0.260586	3.976861	0.402632	110.026855	true	ok	exp25 obs_weight=3.6 count=2.0 dc=23
7a0b471c	-0.022193	den	-0.013240	0.327807	4.011789	0.324036	110.026855	true	ok	exp26 lambda_mse_obs=0.25 count=2 obs=3.5
139ba83f	-0.134633	den	-0.050400	0.215367	4.006258	0.348096	110.026855	true	ok	exp27 lambda_mse_obs=0.3 count=2 obs=3.5
207d647b	-0.031820	den	-0.007661	0.318180	3.997878	0.415281	110.026855	true	ok	exp28 count_weight=2.2 obs=3.5 dc=23
5196f25e	-0.025605	den	-0.043450	0.324395	3.976016	0.360757	110.026855	true	ok	exp29 count_weight=1.8 obs=3.5 dc=23
15ac48c7	-0.093297	den	-0.235635	0.256703	3.968735	0.306047	110.026855	true	ok	exp30 lambda_mse_obs=0.15 count=2 obs=3.5
ec60026b	-0.046781	den	-0.070268	0.303219	3.985183	0.374728	110.026855	true	ok	exp31 obs_weight=3.45 count=2 dc=23
07c9016a	0.750292	imp	-0.249708	0.298577	3.970331	0.378457	110.026855	true	ok	s2 exp0 seed baseline exp23 lam_imp=0
88da374a	-0.275783	den	-0.719950	0.004217	3.997340	0.334985	110.103516	true	ok	s2 exp1 lambda_mse_imp=0.1
87590acb	-0.292122	den	-0.560673	-0.012122	3.954243	0.327482	110.103516	true	ok	s2 exp2 lambda_mse_imp=0.2
ad6241c5	-0.817446	den	-6.608549	-0.537446	3.927460	0.194009	110.103516	true	ok	s2 exp3 lambda_mse_imp=0.5
d361cf4b	-0.719610	den	-1.503742	-0.439610	3.921108	0.179246	110.103516	true	ok	s2 exp4 lambda_mse_imp=1.0
2f674540	-0.033581	den	-0.410979	0.246419	4.023367	0.273264	110.103516	true	ok	s2 exp5 calib_loss=log2 lam_imp=0.1
3da073d0	-0.664104	den	-1.280128	-0.384104	3.992373	0.225998	110.103516	true	ok	s2 imp=0.75 lam_imp=0.2
ca7cb263	-0.779467	den	-19.233747	-0.499467	4.002913	0.203700	110.103516	true	ok	s2 imp=1.0 lam_imp=0.2
0aa2253e	-0.296837	den	-1.931539	-0.016837	3.944942	0.321467	110.103516	true	ok	s2 imp=1.5 lam_imp=0.2
8c3912cf	-0.112404	den	-0.387090	0.167596	3.973740	0.173861	110.103516	true	ok	s2 calib=log2 lam_imp=0.2
3ec8c3d5	-999.000000	den	None	None	None	None	110.006348	false	crash	s2 vb_meta lam_imp=0.2
a19b833c	-0.090822	den	-0.063741	0.189178	3.949339	0.335693	110.103516	true	ok	s2 signal_transform=none lam_imp=0.2
077d6b0a	-0.195300	den	-0.454816	0.084700	3.949727	0.316024	110.103516	true	ok	s2 signal_transform=arcsinh lam_imp=0.2
f6b34675	-0.398458	den	-1.419534	-0.118458	3.993305	0.238308	110.103516	true	ok	s2 lam_imp=0.05
56da7816	-999.000000	den	None	None	None	None	110.006348	false	crash	s2 lam_imp=0.05 vb_meta
09cdc794	-0.057952	den	-1.327672	0.222048	4.006316	0.183869	110.103516	true	ok	s2 lam_imp=0.05 calib=log2
ce53d444	-0.156237	den	-0.339928	0.123763	3.994816	0.315859	110.103516	true	ok	s2 lam_imp=0.1 imp=0.75
4c895221	-0.020677	den	0.063229	0.259323	4.002016	0.330700	110.026855	true	ok	s3 exp21 replicate dc=22.5
a73e9a21	0.962495	imp	-0.037505	0.285828	3.985046	0.351732	110.026855	true	ok	s3 dc=22.5 count=2.2
7c0d27d5	-0.036621	den	-0.047663	0.243379	3.981983	0.224200	110.026855	true	ok	s3 dc=22.5 mse_obs=0.3
d8bea5e8	-0.001408	den	-0.910348	0.278592	3.974568	0.270923	110.026855	true	ok	s3 dc=22.5 signal=none
c918db0a	-0.066385	den	-0.096262	0.213615	3.973056	0.309731	110.026855	true	ok	s3 dc=22.25
900d0781	0.543872	imp	-0.456128	0.310716	3.979620	0.344354	110.026855	true	ok	s3 dc=22.75
b1e5fc14	-0.106679	den	-1.511217	0.173321	3.988894	0.382923	110.026855	true	ok	s3 dc=22.5 mse_obs=0.25
c2240191	-0.012749	den	-0.235104	0.267251	4.004330	0.325232	110.026855	true	ok	s3 dc=22.5 calib=log2
81c97bd8	0.983625	imp	-0.016375	0.305322	3.971093	0.283216	110.026855	true	ok	s3 dc=22.5 count=1.8
c6f4a15d	-0.011895	den	-0.799490	0.268105	3.998648	0.387346	110.026855	true	ok	s3 dc=22.5 count=1.9
