iter	node_index	parent_index	status	ERA_SCORE	S_A	Q_imp	Q_den	imp_pval_spearman	imp_pval_pearson	imp_count_spearman	imp_count_pearson	ece	c_index	peak_auroc	dcr	den_pen	cal_pen	cidx_pen	peak_pen	dcr_pen	n_imp	selected_as_parent_at
0	0		ok	-0.393075	-0.30664969779934315	0.17908230220065682	0.25440404616511625	0.09875152547002358	0.04146393573730306	0.438752496456099	0.13736125113920164	0.04550492605747683	0.6447672526041667	nan	4.187382306485311	-0.0	0.0	0.0	-0.08642560000000002	0.0	1000000	1,2,3,4,5
1	1	0	ok	-0.309835	-0.1970887516113613	0.2886432483886387	0.43408305608941833	0.22176624754762334	0.10693283131686714	0.5832013759481568	0.24267253874190753	0.13917186451750782	0.7109354654947917	nan	4.0524920233945485	-0.0	-0.026321145807003128	0.0	-0.08642560000000002	0.0	1000000	-
2	2	0	ok	-0.334497	-0.23988795735694635	0.24584404264305365	0.34775837794382636	0.07690944280773859	0.07211550555949975	0.5676793109711133	0.2666719112338629	0.09382764182849533	0.6773783365885416	nan	3.8413735040086903	-0.0	-0.008183456731398132	0.0	-0.08642560000000002	0.0	1000000	-
3	3	0	ok	-0.218388	-0.1165178168203021	0.3692141831796979	0.4704193579459718	0.4031158298556658	0.17284035785404767	0.6518385728491246	0.24906197215995352	0.11198081747133135	0.7299072265625	nan	4.068901677033208	-0.0	-0.015444726988532538	0.0	-0.08642560000000002	0.0	1000000	6,7,8,10
4	4	0	ok	-0.278447	-0.17668606298420353	0.30904593701579647	0.47159694723522916	0.3415795504153128	0.28493156974990375	0.5579732933608228	0.05169933453714662	0.06964641511165096	0.5558939615885417	nan	2.233224097506263	-0.0	0.0	0.0	-0.08642560000000002	-0.01533551804987474	1000000	-
5	5	0	ok	-0.250613	-0.1509708672658307	0.3347611327341693	0.45788949219290814	0.40117018576378055	0.14875232425551496	0.635928713855497	0.1531933070618847	0.10641070900421287	0.6410685221354167	nan	3.8590723602706802	-0.0	-0.013216683601685148	0.0	-0.08642560000000002	0.0	1000000	9
6	6	3	ok	-0.254598	-0.15051418545788064	0.33521781454211935	0.425358768159918	0.3402941556001321	0.1305157783612164	0.6260973437975972	0.24396398040953177	0.11751470920965469	0.7113371723084755	nan	4.093951970532139	-0.0	-0.017658283683861877	0.0	-0.08642560000000002	0.0	1000000	-
7	7	3	ok	-0.251638	-0.15303197271838453	0.33270002728161546	0.4534132682951222	0.3872706639905755	0.12249434298804805	0.6371334486251407	0.18390165352269752	0.10381984270400511	0.7275410970052083	nan	3.9776295171093836	-0.0	-0.012180337081602044	0.0	-0.08642560000000002	0.0	1000000	-
8	8	3	fail	-1000000000.0																		-
9	9	5	ok	-0.161765	-0.14074246065308865	0.34498953934691134	0.45967443059378504	0.40243792332294065	0.15389604536621326	0.627742933208156	0.1958812554903356	0.12592550731505128	0.6896158854166666	0.8167342452288424	4.053100540281966	-0.0	-0.02102260292602051	0.0	0.0	0.0	1000000	11,12,13,14,15,19,20
10	10	3	fail	-1000000000.0																		-
11	11	9	ok	-0.170793	-0.14173457367635395	0.34399742632364605	0.49661131068273245	0.500478617219618	0.19183073729375458	0.4945940155857958	0.1890863351954159	0.1460144883634568	0.5927775065104167	0.8228763386055606	3.966680364842491	-0.0	-0.029058195345382717	0.0	0.0	0.0	1000000	16,18
12	12	9	ok	-0.190532	-0.1905322258141383	0.2951997741858617	0.3836097445446829	0.241841633972999	0.15012230148461586	0.5809092615583077	0.20792589972752412	0.0715750612380432	0.6909383138020834	0.807028658701263	4.006737827806429	-0.0	0.0	0.0	0.0	0.0	1000000	-
13	13	9	ok	-0.18483	-0.1643441043399813	0.3213878956600187	0.4398573131367385	0.3579630092180804	0.1498965655222674	0.5646535361213827	0.21303847177834434	0.12458283907818996	0.6456564145149161	0.8214977893959564	4.010357352767507	-0.0	-0.020485535631275982	0.0	0.0	0.0	1000000	17
14	14	9	ok	-0.593585	-0.5004236416025077	-0.01469164160250773	-0.018082834680156507	-0.2553636675864197	-0.09074528585024166	0.2382429189192151	0.04909946810741536	0.09613904779821074	0.5059529622395833	0.5101699580744451	4.000000083093147	-0.0016955965388243885	-0.009108019119284294	0.0	-0.08235761677022198	0.0	1000000	-
15	15	9	ok	-0.507028	-0.4193343238187202	0.0663976761812798	0.14730383324241325	-0.0433114325577845	-0.004794983415260619	0.2646031712884693	0.04909394940969505	0.08736261407130679	0.5069295247395833	0.5108245431144842	3.999998889897907	-0.0	-0.0055974456285227125	0.0	-0.08209578275420633	0.0	1000000	-
16	16	11	ok	-0.161866	-0.1618663591390197	0.3238656408609803	0.4494043391692768	0.31758053006631937	0.23550712398361076	0.5096095782550479	0.23276533113894335	0.056541294463049944	0.6056233723958333	0.7808908829200223	3.4889688002983816	-0.0	0.0	0.0	0.0	0.0	1000000	-
17	17	13	ok	-0.152867	-0.1279666134562732	0.3577653865437268	0.4366541787272509	0.43880434256372247	0.13707509034007812	0.6145026147302983	0.24067949854080825	0.13562115134734967	0.6519879094165814	0.7989944186494514	3.955082754827121	-0.0	-0.02490086053893987	0.0	0.0	0.0	1000000	22
18	18	11	ok	-0.195136	-0.1812880579904813	0.3044439420095187	0.3956830809070715	0.32642472974124265	0.10017399023812773	0.5854011963822044	0.20577585167649975	0.10798834521574548	0.684039306640625	0.8218426767272736	3.952499122715345	-0.0	-0.01384773808629819	0.0	0.0	0.0	1000000	-
19	19	9	ok	-0.157045	-0.1494613378850192	0.3362706621149808	0.4751112955088941	0.40205930832699543	0.22762668531661853	0.628674140682805	0.08672251413350422	0.09232806308190983	0.6519388834635417	0.8222148600459911	3.9741301167706644	-0.0	-0.00758362523276393	0.0	0.0	0.0	1000000	24
20	20	9	ok	-0.096269	-0.07546058447557952	0.4102714155244205	0.4248398264927482	0.5301218129453007	0.30286362122648636	0.615025911612116	0.193074316313779	0.1253891925805897	0.6908040364583333	0.8273391482765667	3.9866385879687787	-0.0	-0.02080807703223588	0.0	0.0	0.0	1000000	21,23,25,43,48,53
21	21	20	ok	-0.170449	-0.16463251243552318	0.3210994875644768	0.413136578302725	0.3604294815249883	0.1070950328687414	0.6076363013624649	0.20923713450171255	0.08790985933998323	0.6564534505208334	0.8101257660357509	3.7952846818527317	-0.0	-0.0058163437359932905	0.0	0.0	0.0	1000000	-
22	22	17	ok	-0.080329	-0.07620403708070711	0.4095279629192929	0.40916086544920777	0.5158202186417403	0.24209357494916145	0.6534700439321294	0.2267280141541404	0.08322259792000304	0.6870764781896117	0.8210812508401779	4.095282090060291	-0.0001835487350425602	-0.003941439168001215	0.0	0.0	0.0	1000000	26,27,28,29,30,45,50,55
23	23	20	ok	-0.432639	-0.31730219888921707	0.1684298011107829	0.2037809573306889	0.3588418330631351	0.0001522823664777019	0.26564078815169145	0.04908430086182734	0.10363488917939295	0.5065144856770833	0.45798834498743124	3.9999993322587093	-0.0	-0.01210635567175718	0.0	-0.10323026200502752	0.0	1000000	-
24	24	19	ok	-0.209497	-0.20648752367817796	0.27924447632182203	0.40683411359562766	0.20172121029379575	0.15063945773526694	0.5520285025841463	0.21258873467407907	0.08089375682301286	0.6396525065104167	0.8160653240571573	3.676967717296843	-0.0	-0.0030099027292051442	0.0	0.0	0.0	1000000	-
25	25	20	ok	-0.157606	-0.13967310734956412	0.3460588926504359	0.3681812923805028	0.41545000966179285	0.1713791733606528	0.6306835702117208	0.16672281736757702	0.11820239498271103	0.6738206417624522	0.8111092012716524	3.97453337656554	-0.0	-0.01793335799308441	0.0	0.0	0.0	1000000	-
26	26	22	ok	-0.080747	-0.06544966354739723	0.42028233645260277	0.4635651706755449	0.4814786991959569	0.22436796813520807	0.6728883267539391	0.3023943517253069	0.11161316096434122	0.661730562434828	0.8172814352828089	3.9904370187150553	-0.0	-0.015297664385736487	0.0	0.0	0.0	1000000	31,33,35,38,40,44,49,54
27	27	22	ok	-0.145693	-0.11539268004233788	0.3703393199576621	0.4132050926413162	0.4197396166072689	0.154064885654729	0.681840139746889	0.22571263782176182	0.1491203178952899	0.7064961066092682	0.7713353593350368	4.001883881985147	-0.0	-0.03030052715811596	0.0	0.0	0.0	1000000	-
28	28	22	ok	-0.113237	-0.09210576860037628	0.3936262313996237	0.46716482250393215	0.4725849407371229	0.21224013887342572	0.6759532581468675	0.21372658784107873	0.12619694374861737	0.6778460823288023	0.8012663399382669	4.485391405979217	-0.0	-0.021131177499446947	0.0	0.0	0.0	1000000	34,42,52
29	29	22	fail	-1000000000.0																		-
30	30	22	ok	-0.113226	-0.09475606177751844	0.39097593822248156	0.4670165632090788	0.43786803481047804	0.20574308231608318	0.6719184890758004	0.24837414668756438	0.11954462550977225	0.6877199866818874	0.8287104562460502	4.003881683306041	-0.0	-0.0184702502039089	0.0	0.0	0.0	1000000	32,37
31	31	26	ok	-0.165469	-0.15175823672353694	0.33397376327646305	0.4140996451908474	0.3533796817597302	0.16585621197074404	0.6269026948369711	0.18975646453840672	0.10764533007977818	0.7263205901015228	0.7961713191450227	4.004348205989614	-0.0	-0.013710532031911271	0.0	0.0	0.0	1000000	-
32	32	30	ok	-0.125321	-0.11034639417332581	0.3753856058266742	0.42845367455438926	0.41315433658404715	0.2059861107574373	0.660608721470856	0.2217932544943564	0.11080621242082901	0.6942470719892078	0.8401676595519063	3.9663128126654703	-0.0	-0.014974884968331603	0.0	0.0	0.0	1000000	39
33	33	26	ok	-0.128399	-0.11056762987284413	0.37516437012715587	0.4361838354051277	0.454636391220822	0.1528130761011688	0.6596850638633026	0.23352294932332993	0.11794761406454395	0.6766080175302913	0.8107106495003435	4.002035751996371	-0.0	-0.017831445625817576	0.0	0.0	0.0	1000000	-
34	34	28	ok	-0.525287	-0.40405748624278703	0.08167451375721295	0.13386079945184895	0.0328434378843167	-0.002440415215194795	0.24719446839734752	0.049100563962382396	0.19026106120843675	0.5008823151950719	0.5298820940561688	3.9999987541538107	-0.0	-0.046756824483374704	0.0	-0.07447276237753249	0.0	1000000	-
35	35	26	ok	-0.114259	-0.08907986497775372	0.3966521350222463	0.40216316500092497	0.4124787171693283	0.20862172901778697	0.688141714135085	0.277366379766785	0.13631698453415356	0.6800510048721072	0.8509239174991732	3.9626437871291924	-0.0	-0.025179193813661422	0.0	0.0	0.0	1000000	36,47
36	36	35	ok	-0.148152	-0.13062510463169508	0.3551068953683049	0.42238870411648066	0.3730239493060799	0.13650384151751283	0.6570518340261287	0.25384795662349835	0.11718500852951753	0.7193437340071648	0.8323385419450295	3.9003771105161897	-0.0	-0.01752640341180701	0.0	0.0	0.0	1000000	-
37	37	30	ok	-0.118236	-0.08305971933571116	0.40267228066428884	0.43315203128976965	0.4774648540167283	0.2110263539344768	0.6964252917346123	0.225772622971338	0.16131017654996613	0.6696613277331996	0.8241059367550668	3.94515954645492	-0.0	-0.03517647061998645	0.0	0.0	0.0	1000000	41
38	38	26	ok	-0.204183	-0.19613634247147216	0.28959565752852784	0.33028662924409813	0.2918674173823208	0.05765896604640755	0.5723278129126466	0.23652843377273647	0.09348601731347027	0.6262765907379518	0.7534614213865557	3.735771959118614	-0.0	-0.008046806925388107	0.0	0.0	0.0	1000000	-
39	39	32	ok	-0.382508	-0.2852643006366705	0.20046769936332945	0.24327556945845297	0.25995893881328447	0.24737676616929075	0.24543373871372623	0.04910135375701645	0.09494218388936379	0.5094880184623166	0.49452889272905715	3.999999999999845	-0.0	-0.008629273555745515	0.0	-0.08861404290837716	0.0	1000000	-
40	40	26	ok	-0.133794	-0.11752293654983048	0.3682090634501695	0.4206202397576746	0.4685426478508592	0.1283809240033737	0.646625754178842	0.2292869277676031	0.11404727032897147	0.656674010905402	0.814795341046899	4.013130684942249	-0.0	-0.016271308131588585	0.0	0.0	0.0	1000000	-
41	41	37	ok	-0.141095	-0.11720211094935112	0.3685298890506489	0.4343918689509293	0.3789749837445714	0.18158679225747765	0.6689789049164734	0.24457887528407293	0.13310098222454866	0.676373929103551	0.8187281685667641	3.9388678856075408	-0.0	-0.023892792889819464	0.0	0.0	0.0	1000000	-
42	42	28	ok	-0.140999	-0.12529031178108685	0.36044168821891315	0.37646060226660605	0.4483602751397582	0.1568459043184225	0.6243533579867298	0.2122072154307421	0.1126402047422344	0.6675835419876733	0.7691860474483123	3.9355963439551855	-0.0	-0.01570848189689376	0.0	0.0	0.0	1000000	-
43	43	20	ok	-0.237056	-0.2175392066082149	0.2681927933917851	0.36931094590919344	0.3354866590485636	0.05463070443444876	0.4813485942150448	0.20130521586908304	0.1221600664913122	0.626682061140285	0.7785883746548967	4.011814509161483	-0.0	-0.019516426596524878	0.0	0.0	0.0	1000000	-
44	44	26	ok	-0.217227	-0.2172269095544973	0.2685050904455027	0.3938717539009633	0.22089559207825357	0.09967389374167192	0.5060909943997322	0.2473598815623531	0.05303368913316477	0.5616549306769922	0.7782906727784641	3.789869917122313	-0.0	0.0	0.0	0.0	0.0	1000000	-
45	45	22	ok	-0.119136	-0.08898926502463728	0.3967427349753627	0.4405744314373484	0.49548573131308626	0.21493175368293857	0.6662493702704408	0.21030408463498515	0.14873489610009213	0.6762839147286822	0.8079399145205648	3.8923801406172953	-0.0	-0.030146358440036852	0.0	0.0	0.0	1000000	46
46	46	45	ok	-0.135543	-0.1068762148018702	0.3788557851981298	0.40483997062070864	0.4602832404058498	0.2104899576382466	0.6625665448066929	0.18208339794172987	0.14503705138314799	0.686928550659085	0.8251083965942083	3.9863109470791147	-0.0	-0.028667220553259196	0.0	0.0	0.0	1000000	-
47	47	35	ok	-0.125804	-0.10464026210059968	0.3810917378994003	0.46512642332146925	0.3772777093645779	0.1890136383444377	0.6492171552551846	0.308858448633401	0.12627731656690644	0.7045733306590966	0.8190552938215708	3.8240097170732437	-0.0	-0.021163326626762576	0.0	0.0	0.0	1000000	-
48	48	20	ok	-0.143126	-0.1413384591569672	0.3443935408430328	0.42567753959948385	0.3991071751389061	0.18616607981249442	0.5948430965000413	0.19745781192068965	0.07783675071972267	0.6566060384114584	0.7992733546609387	4.184374483309378	-0.0	-0.0017871002878890653	0.0	0.0	0.0	1000000	-
49	49	26	ok	-0.12309	-0.09156374347685287	0.39416825652314713	0.44326573833897287	0.5072226109037439	0.15632535911824702	0.634079734729851	0.27904532134074667	0.15218545121756213	0.6057237903225806	0.7959555885088193	3.9870401125020734	-0.0	-0.031526580487024856	0.0	0.0	0.0	1000000	51
50	50	22	ok	-0.135928	-0.12310136361321794	0.36263063638678206	0.4186505898527809	0.35350528109951496	0.18392926259755357	0.6569449428622204	0.2561430589878392	0.10543612606087331	0.6793021389524536	0.8077402538610773	3.960463442590672	-0.0	-0.012826850424349324	0.0	0.0	0.0	1000000	-
51	51	49	ok	-0.115048	-0.1095243319689268	0.3762076680310732	0.4447962403318263	0.44381315210964	0.1524159737309846	0.649143458758135	0.2594580875255332	0.0871793216835649	0.6475528809942255	0.8271241052480539	4.104918275516752	-0.0	-0.0055241286734259605	0.0	0.0	0.0	1000000	58
52	52	28	ok	-0.138954	-0.1295968450208168	0.3561351549791832	0.43543652132328103	0.3922417490646155	0.15109501213917698	0.6339488448183668	0.24725501389457358	0.09676162189026914	0.6960163827207759	0.7976670874790557	3.652717304096211	-0.0	-0.009357048756107655	0.0	0.0	0.0	1000000	-
53	53	20	ok	-0.501685	-0.40954169768910287	0.07619030231089712	0.14914241875681983	0.007733947829748368	-0.00014380338634862195	0.24807120683452086	0.049099857965667834	0.08998957499242556	0.5065470377604167	0.5023266873765578	3.999999850828048	-0.0	-0.006648229996970224	0.0	-0.08549492504937689	0.0	1000000	-
54	54	26	fail	-1000000000.0																		-
55	55	22	ok	-0.110245	-0.10663766676992903	0.37909433323007097	0.42639235034704587	0.45894252129786445	0.19394959749538274	0.6495644714849585	0.21392074264207825	0.08238687794110931	0.6797469407811311	0.806366282822925	3.5683920222612184	-0.0	-0.0036071511764437236	0.0	0.0	0.0	1000000	56,57,59,60
56	56	55	ok	-0.470036	-0.3002174862918974	0.18551451370810262	0.2471381108464193	0.32741566672336303	0.13407798174539048	0.23146328904182645	0.04910111732183055	0.09220737587602075	0.5100342594920795	0.3103570811305504	3.9999996937045688	-0.0	-0.007535350350408299	0.0	-0.16228276754777987	0.0	1000000	-
57	57	55	ok	-0.059895	-0.039741081244554	0.445990918755446	0.5012626525767118	0.5629668879774479	0.34096931399139835	0.673691306739297	0.20633616631364066	0.12375432346446143	0.6848672385620915	0.841698868524743	3.9751547948533257	-0.0	-0.02015412938578457	0.0	0.0	0.0	1000000	61,62,63,64,65
58	58	51	ok	-0.130752	-0.10828968581816922	0.3774423141818308	0.45907843239579915	0.47251322470517526	0.17916308379432344	0.6349876161158057	0.22310533211201874	0.12952524257388695	0.6546427459526775	0.7925280494490878	3.9913446088420192	-0.0	-0.02246249702955478	0.0	0.0	0.0	1000000	-
59	59	55	ok	-0.119258	-0.09165977154318145	0.39407222845681855	0.42452500326039494	0.4679702756193561	0.20042353644326324	0.6794910761042513	0.22840402566040344	0.14236506271010074	0.663562549787573	0.8128966273042985	3.9833474540094747	-0.0	-0.0275984250840403	0.0	0.0	0.0	1000000	-
60	60	55	ok	-0.119522	-0.10985742909290025	0.37587457090709975	0.4083622603072137	0.4537338036767894	0.20344081182987572	0.6439510163623572	0.20237265175937677	0.09752983969150968	0.6288306958050741	0.8292243399203415	4.123475202159306	-0.0	-0.009664335876603869	0.0	0.0	0.0	1000000	-
61	61	57	ok	-0.565452	-0.4766587348911586	0.009073265108841376	0.08194858803063336	-0.14592417968302127	-0.1157967128693083	0.24891265093230053	0.04910130205539453	0.07928933389886192	0.5128777472527473	nan	3.999999919276131	-0.0	-0.002368133559544766	0.0	-0.08642560000000002	0.0	1000000	-
62	62	57	ok	-0.21057	-0.10195623772230789	0.3837757622776921	0.47083001390115303	0.49933338835243435	0.2696181655040702	0.5711359726802132	0.19501552257405072	0.12883917519994137	0.7157217086283766	nan	4.01547806837297	-0.0	-0.022188070079976547	0.0	-0.08642560000000002	0.0	1000000	-
63	63	57	ok	-0.049934	-0.045551677620802644	0.44018032237919735	0.5084682369896696	0.5285208624088458	0.35581982982797455	0.6624499823418504	0.2139306149381185	0.08432585909095829	0.754914868182993	0.8356459441551579	4.064116454305344	-0.0	-0.004382743636383313	0.0	0.0	0.0	1000000	66,67,68,69,70
64	64	57	ok	-0.598105	-0.49571394667956187	-0.009981946679561886	0.09535689874504491	-0.2397024414980058	-0.11001415465755397	0.2606874142950187	0.04910139514229355	0.08892011422309629	0.511647974063043	0.4756386884278358	3.9999998943423734	-0.0	-0.006220445689238513	0.0	-0.0961701246288657	0.0	1000000	-
65	65	57	ok	-0.119883	-0.11988311057481343	0.36584888942518656	0.4577000965184117	0.47260244298468723	0.22989205316105954	0.6043604660146752	0.1565405955403243	0.06795946228647279	0.6624311883067577	0.7904742739448486	4.096230106834672	-0.0	0.0	0.0	0.0	0.0	1000000	-
66	66	63	ok	-0.13612	-0.029723859841414346	0.45600814015858565	0.5409005174324373	0.5670682622093101	0.3502159626317711	0.6914613151713945	0.21528702062186683	0.123295486652143	0.74289548857368	nan	4.002542863541885	-0.0	-0.0199705946608572	0.0	-0.08642560000000002	0.0	1000000	-
67	67	63	ok	-0.121202	-0.12120248630704333	0.36452951369295666	0.4658956455194886	0.40608969683418333	0.24163523973673398	0.5930436886627233	0.21734942953818606	0.05988683773943668	0.6205578674623116	0.8153206251252757	3.712554080511917	-0.0	0.0	0.0	0.0	0.0	1000000	-
68	68	63	ok	-0.115855	-0.11585526893777265	0.36987673106222735	0.49223202363223084	0.43031930634341725	0.2606432686087245	0.5875931646109686	0.20095118468579923	0.032080915972943616	0.6469092537942664	0.8257730049456176	4.029730393399409	-0.0	0.0	0.0	0.0	0.0	1000000	-
69	69	63	ok	-0.162937	-0.15278298610656982	0.3329490138934302	0.4396043405027583	0.28004744777370805	0.18345212184557197	0.6184640022587264	0.24983248369571426	0.0987548142442266	0.6472706595905989	0.7579521293707502	3.7515309077277395	-0.0	-0.010154325697690637	0.0	0.0	0.0	1000000	-
70	70	63	ok	-0.031521	-0.03152100742008451	0.4542109925799155	0.560879379815006	0.5885606488461248	0.36083192680238	0.6194174991419785	0.24803389552917862	0.06587445231796082	0.6355719339622642	0.7472819134603383	4.118708346483489	-0.0	0.0	0.0	0.0	0.0	1000000	71,72,73,74,75,79
71	71	70	ok	-0.102612	-0.1026120654685066	0.3831199345314934	0.46661053157840926	0.46395596881843076	0.28940420264540573	0.5719683461983834	0.20715122046375353	0.04782239515328637	0.6259254807692308	0.7868820862038233	3.935083010727744	-0.0	0.0	0.0	0.0	0.0	1000000	77
72	72	70	ok	-0.079204	-0.07920401453923137	0.4065279854607686	0.5272683493435025	0.48546895783812255	0.2888260778142676	0.6280123979059341	0.22380450828475024	0.03777513677210178	0.6898110741444867	0.7907780700294731	4.1558553086160845	-0.0	0.0	0.0	0.0	0.0	1000000	76,78,80
73	73	70	ok	-0.238111	-0.1467033104779621	0.3390286895220379	0.4304761985259996	0.4130904785254764	0.21051995773542442	0.5999532670112069	0.1325510548160439	0.08582344184328354	0.6074615271993753	nan	3.9656037382780203	-0.0	-0.0049817767373134154	0.0	-0.08642560000000002	0.0	1000000	-
74	74	70	ok	-0.1496	-0.06317444322955784	0.42255755677044216	0.499140742292894	0.5009694943254935	0.3301249323694491	0.6397076329830991	0.21942816740372692	0.059671251573501005	0.6810736852182793	nan	4.323670711901153	-0.0	0.0	0.0	-0.08642560000000002	0.0	1000000	-
75	75	70	ok	-0.633113	-0.5292963147216049	-0.043564314721604894	0.06582143609009763	-0.31754644026378337	-0.15422318216539177	0.24841215430135402	0.04910020924140154	0.038559314073801546	0.519146180725846	0.45652244082982535	3.999999999999959	-0.0	0.0	0.0	-0.10381662366806987	0.0	1000000	-
76	76	72	ok	-0.12461	-0.12461007482423386	0.36112192517576613	0.4315923912994126	0.414343817371204	0.22492956326408825	0.619594592377443	0.18561972769032928	0.04427349857272791	0.6874406795747912	0.79998044133868	3.974320648680797	-0.0	0.0	0.0	0.0	0.0	1000000	-
77	77	71	ok	-0.112247	-0.09925177175016864	0.38648022824983136	0.48685984578241015	0.4301850154159753	0.2779000317048783	0.6582932101054887	0.17954265577298303	0.10585723388521591	0.7188881385068763	0.7648562473360492	4.002310112519348	-0.0	-0.012995293554086363	0.0	0.0	0.0	1000000	85
78	78	72	ok	-0.113283	-0.1132832358973292	0.3724487641026708	0.44521812749447937	0.40204115965603704	0.2380119706645638	0.6193405737115146	0.23040135237856782	0.011513663233518975	0.6953044500257599	0.758869284028248	3.193322095898395	-0.0	0.0	0.0	0.0	0.0	1000000	-
79	79	70	ok	-0.048302	-0.04632733300564201	0.439404666994358	0.5720141288308969	0.5217078778598849	0.2994307739715729	0.6607412657383331	0.27573875040764095	0.0783062870005675	0.7071494997434582	0.7929267984538284	3.8066879299947955	-0.0	-0.0019749148002270013	0.0	0.0	0.0	1000000	81,82,83,84
80	80	72	ok	-0.436708	-0.278177723153639	0.207554276846361	0.29714770527241285	0.004898759691311735	-0.06264165844272417	0.647698091471205	0.24026191466565142	0.12173210653608564	0.6394627289262419	0.3681016911896588	4.024906910047794	-0.0	-0.019345242614434256	0.0	-0.1391849235241365	0.0	1000000	-
81	81	79	ok	-0.096366	-0.07454528414805717	0.41118671585194283	0.5200520103801104	0.47438074277216014	0.25126768367541125	0.6668195774256421	0.25227885953455803	0.1269772765305491	0.7481834937850353	0.768729569950032	2.981153075463481	-0.0	-0.021443310612219643	0.0	0.0	-0.0003769384907303763	1000000	89
82	82	79	ok	-0.092556	-0.09014571567378338	0.3955862843262166	0.5111326621824506	0.4807015653982294	0.23765561679364564	0.6401488329442157	0.2238391221687756	0.07939557292418103	0.6515528524569076	0.7542476756758772	3.8073082755924372	-0.0	-0.0024106291696724125	0.0	0.0	0.0	1000000	88
83	83	79	ok	-0.104522	-0.10452203931557574	0.38120996068442425	0.49993075064217374	0.4593002663401921	0.2448860201320899	0.6055425246890077	0.21511103157640743	0.06340120080141845	0.6510996290408055	0.7532923330539764	3.6295306787071575	-0.0	0.0	0.0	0.0	0.0	1000000	-
84	84	79	ok	-0.117697	-0.09337027707915735	0.39236172292084265	0.4957071533007039	0.45142964646463307	0.18657579917770614	0.6664291353762555	0.2650123106647759	0.12507890987190776	0.7308625129567246	0.7069565978283873	3.8672729847719025	-0.0	-0.020683963948763102	0.0	-0.0036429608686451066	0.0	1000000	-
85	85	77	ok	-0.050114	-0.0391911936738894	0.4465408063261106	0.5477471078966746	0.5199031942044455	0.3356663365284078	0.6517150425178442	0.27887865205374496	0.10067681629278362	0.6787773607091172	0.7737274190491026	3.9838978973049133	-0.0	-0.010923126517113448	0.0	0.0	0.0	1000000	86,87,90
86	86	85	ok	-0.079558	-0.07708645148576099	0.408645548514239	0.49241622964426646	0.5448395858591877	0.29739996076529873	0.6349244166127931	0.1574182308196766	0.07954768224582925	0.7264798382135826	0.7873283529548132	3.973366057857151	-0.0	-0.0024714728983317004	0.0	0.0	0.0	1000000	92
87	87	85	ok	-0.100545	-0.09276415221985546	0.39296784778014454	0.4077607795698365	0.4413602287361337	0.30077179536265913	0.5740218627506639	0.25571750427112144	0.09282166682672192	0.6245600266362252	0.7925031688521835	3.6712083445103216	-0.0	-0.007781066730688769	0.0	0.0	0.0	1000000	-
88	88	82	ok	-0.079826	-0.07322843592536732	0.4125035640746327	0.47381444145290263	0.4856240823180021	0.2602269346515167	0.643514039629876	0.26064919969913597	0.08986336710123548	0.6755989133119289	0.7516547356080864	3.673022102389975	-0.0	-0.00659774684049419	0.0	0.0	0.0	1000000	93
89	89	81	ok	-0.095251	-0.08171392501655583	0.40401807498344416	0.4848589523601631	0.514918267449639	0.22515803885232474	0.6757011050528419	0.20029488857897113	0.10721238248712947	0.720124530075188	0.7548644126037648	3.4418655894164027	-0.0	-0.013537352994851787	0.0	0.0	0.0	1000000	95
90	90	85	ok	-0.064724	-0.06472394208909027	0.4210080579109097	0.5037933126758308	0.5321823252086622	0.2712365922119356	0.6254782512959296	0.2551350629271116	0.05287297684143201	0.668982969151671	0.7792637791343731	4.1330906596430355	-0.0	0.0	0.0	0.0	0.0	1000000	91,94,100
91	91	90	ok	-0.115956	-0.11595553562046629	0.3697764643795337	0.534280194966022	0.47728506860452263	0.2944422211912547	0.5790464021998428	0.12833216552251478	0.03464552156372633	0.6525732935591481	0.766520772916609	3.9879685351719156	-0.0	0.0	0.0	0.0	0.0	1000000	-
92	92	86	ok	-0.073994	-0.0643293565854346	0.4214026434145654	0.49156513067245533	0.49843969398716287	0.33192196505124033	0.6255695677635268	0.2296793468563316	0.09753061272834553	0.7564168294270833	0.8260717143643416	4.050898740963719	-0.0	-0.009664645091338209	0.0	0.0	0.0	1000000	97,99
93	93	88	ok	-0.100701	-0.0901103730376917	0.3956216269623083	0.49986339667277846	0.4972194806254418	0.2238436900308837	0.6395726128557914	0.2218507243371164	0.09984457826717116	0.7380899394052973	0.7414961692075971	3.7636198580126807	-0.0	-0.010590231306868465	0.0	0.0	0.0	1000000	-
94	94	90	ok	-0.065349	-0.06500901284957272	0.4207229871504273	0.48838314083853657	0.4979022094557917	0.30473655724772053	0.6408107007694394	0.2394424811287575	0.0742192924407931	0.6973801662032356	0.797929636703931	3.884481499312797	-0.0	-0.0003401169763172396	0.0	0.0	0.0	1000000	96,98
95	95	89	ok	-0.128622	-0.09828878414522052	0.3874432158547795	0.4568407569502124	0.5098408546422477	0.16877616459679357	0.6475375505729851	0.2236182936070915	0.14920096498667262	0.7254151551163373	0.7607413172612991	3.89870393877559	-0.0	-0.03033278599466905	0.0	0.0	0.0	1000000	-
96	96	94	ok	-0.212359	-0.17653861594349202	0.309193384056508	0.5129510039201644	0.4196143190354577	0.29897520103894987	0.4170697220649056	0.10111429408671875	0.16291879059241787	0.5567270380102665	0.7426782367693862	3.9253753372089215	-0.0	-0.03581991623696715	0.0	0.0	0.0	1000000	-
97	97	92	ok	-0.079179	-0.07917925873779891	0.4065527412622011	0.48165367701727646	0.516722184035089	0.3064628223897476	0.598794336527329	0.20423162209663864	0.053987515614780504	0.7128474428208387	0.8129736944707415	3.9475195155287683	-0.0	0.0	0.0	0.0	0.0	1000000	102
98	98	94	ok	-0.188538	-0.18853797656329158	0.2971940234367084	0.34737696027493836	0.2465800072864703	0.19072846327534823	0.548816089235654	0.2026515339493613	0.050914615761430214	0.7031269970603272	0.7729987364920836	3.1712937008412307	-0.0	0.0	0.0	0.0	0.0	1000000	-
99	99	92	ok	-0.050687	-0.04112414388214097	0.444607856117859	0.5327883155638228	0.5685809464224084	0.3301530294709866	0.6161347154499858	0.26356273312805545	0.09727736426412456	0.6909871244635193	0.8234131328205002	3.9025363391745325	-0.0	-0.009563345705649824	0.0	0.0	0.0	1000000	101,103,104,105
100	100	90	ok	-0.086626	-0.08662637712354071	0.3991056228764593	0.484448346740428	0.49269988482574195	0.31108649789489107	0.641869017068388	0.1507670917168162	0.06586006143416727	0.6642883515585721	0.7978062693326855	4.022119178832991	-0.0	0.0	0.0	0.0	0.0	1000000	-
101	101	99	ok	-0.358919	-0.35891858820320527	0.12681341179679473	0.20185481647575526	0.05579847679814849	0.15879347501436983	0.24356082149467476	0.049100873879985886	0.04988712910763408	0.5140262515262515	0.7359719108605731	4.000000119031129	-0.0	0.0	0.0	0.0	0.0	1000000	-
102	102	97	ok	-0.060274	-0.04412868880160192	0.4416033111983981	0.5037026105214241	0.5665080498322849	0.34768823229400325	0.6780049225524547	0.17421204011484956	0.11373321072950332	0.7333619505494505	0.801254046663523	3.8798696796125305	-0.0	-0.016145684291801327	0.0	0.0	0.0	1000000	108
103	103	99	ok	-0.089666	-0.06989169880684776	0.41584030119315224	0.5957116587454034	0.5009600182368221	0.3291299382065677	0.6547467770521703	0.17852447127704865	0.12280544845754822	0.7153598137973138	0.7812079626223922	3.985849418746091	-0.0	-0.019774579383019287	0.0	0.0	0.0	1000000	-
104	104	99	ok	-0.353664	-0.3521752455871326	0.1335567544128674	0.2043983653123488	0.06633212849780043	0.17138947478732544	0.2474046079254883	0.04910080644085545	0.04955874578370868	0.5141922313797314	0.7123428398022911	4.000000035768417	-0.0	0.0	0.0	-0.0014884640790835846	0.0	1000000	-
105	105	99	ok	-0.029545	-0.008841114936661676	0.4768908850633383	0.5857382840017118	0.5552259313663462	0.35904335198072845	0.6601591564086138	0.3331351004976647	0.1162602639190965	0.7149343711843712	0.7908391631470796	2.8226289253006747	-0.0	-0.0171565055676386	0.0	0.0	-0.003547421493986507	1000000	106,107,109,110
106	106	105	ok	-0.017611	-0.002026710715839264	0.48370528928416073	0.6002403602948712	0.5825834749826097	0.3709848043873497	0.6855741314984125	0.29567874626827106	0.11232881977507504	0.744951923076923	0.7986097353013218	3.838968766884277	-0.0	-0.015583927910030016	0.0	0.0	0.0	1000000	111,114,119
107	107	105	ok	-0.493348	-0.4545488998856154	0.03118310011438457	0.1174842786009052	-0.17581528451571563	0.0040383591452247	0.24740924157782632	0.04910008425020287	0.05065202228690559	0.5139900030525031	0.6190651425561026	4.0000000480150355	-0.0	0.0	0.0	-0.03879954297755899	0.0	1000000	-
108	108	102	ok	-0.020938	-0.004273292199023115	0.4814587078009769	0.5893617173592511	0.5415856362145485	0.36085536167137866	0.6786966114483607	0.3446972218696196	0.11502998941456145	0.7595047313797314	0.7994608224014826	3.645153015044222	-0.0	-0.01666439576582458	0.0	0.0	0.0	1000000	112,115,130
109	109	105	ok	-0.033337	-0.02780170692652051	0.4579302930734795	0.5368570202589624	0.559328278774966	0.35037799340756914	0.6612787943708507	0.26073610574053224	0.08720842703704505	0.7394211691086691	0.8074886446343601	3.5446701157128535	-0.0	-0.00553577081481802	0.0	0.0	0.0	1000000	113
110	110	105	ok	-0.373468	-0.35160173012752216	0.13413026987247784	0.20383781769738782	0.06927360325613874	0.16677962370608138	0.25136729308618155	0.04910055944150967	0.1280340568657544	0.5134672619047619	0.7201109766129028	3.9999993217296077	-0.0	-0.021866022746301755	0.0	0.0	0.0	1000000	-
111	111	106	ok	-0.017696	-0.0015025826629652128	0.4842294173370348	0.6009709209522532	0.580629243060636	0.36015755902163005	0.694781570545485	0.30134929672038807	0.11385142525073821	0.751016865079365	0.803785634265343	3.7458109389097927	-0.0	-0.016192970100295283	0.0	0.0	0.0	1000000	116,118,120
112	112	108	ok	-0.34547	-0.34547023596294746	0.14026176403705254	0.21634604625514353	0.08694767158788601	0.1783340470945305	0.24666416886527365	0.04910116860052	0.04871196517873888	0.5142570970695971	0.7340353599689651	4.0000001903257525	-0.0	0.0	0.0	0.0	0.0	1000000	-
113	113	109	ok	-0.035294	-0.016625776810511694	0.4691062231894883	0.5967390264181852	0.56503946188661	0.3476589368598212	0.6452974103769717	0.3184290836345503	0.12004072683046108	0.7628930097680098	0.7775936088618233	3.8881845371029096	-0.0	-0.01866869073218443	0.0	0.0	0.0	1000000	117
114	114	106	ok	-0.366688	-0.3592534374448316	0.12647856255516834	0.21241365969668294	0.06505206624954364	0.1470051853230816	0.24517481620319184	0.048682182444856364	0.04868524045935408	0.5173534798534799	0.6974767903809895	4.000000289349898	-0.0	0.0	0.0	-0.007434883847604202	0.0	1000000	-
115	115	108	ok	-0.076283	-0.05651274031882286	0.42921925968117713	0.6001184520968257	0.5583824934804783	0.335851827853323	0.6675526667984445	0.15509005059246267	0.12279575731835758	0.7213312728937729	0.7910048256327576	3.1723721459077776	-0.0	-0.019770702927343033	0.0	0.0	0.0	1000000	-
116	116	111	ok	-0.362658	-0.35841428421677	0.12731771578322995	0.20814608927183614	0.06375103266854162	0.1513836272956361	0.24503180854114556	0.04910439462759651	0.08397863874731891	0.5059809981684982	0.7198082650649872	3.9999998977516458	-0.0	-0.004243855498927563	0.0	0.0	0.0	1000000	-
117	117	113	ok	-0.047668	-0.047667890894344145	0.43806410910565585	0.6010235945360134	0.5270719040862195	0.3503089348768136	0.6066086173660261	0.2682669800935642	0.039812423222319614	0.722830815018315	0.792845982356452	3.2734000235199967	-0.0	0.0	0.0	0.0	0.0	1000000	125
118	118	111	ok	-0.038198	-0.020413173914177074	0.4653188260858229	0.569116374382229	0.5287017997810581	0.3662512714463924	0.6526023586912142	0.31371987442462695	0.11783133119610725	0.7508508852258853	0.7971195894289757	3.9999844157947786	-0.0	-0.0177849324784429	0.0	0.0	0.0	1000000	122
119	119	106	ok	-0.019238	0.0040620638325499225	0.4897940638325499	0.6078880204119553	0.5720111975228618	0.3699668996129054	0.6952282799739175	0.3219698782205149	0.13161839760791783	0.76030028998779	0.8114948183745052	3.918638425710011	-0.0	-0.02329975904316713	0.0	0.0	0.0	1000000	121,123,129
120	120	111	ok	-0.039139	-0.023708374398230203	0.4620236256017698	0.5872311201879271	0.5363002646088063	0.35132314735538234	0.6549060077639477	0.3055650826789428	0.11194493841780048	0.7841142590286426	0.8147899092004645	3.5221380549240107	-0.0	-0.015430375367120192	0.0	0.0	0.0	1000000	124
121	121	119	ok	-0.368256	-0.3649285863355058	0.12080341366449422	0.2908704943245325	0.0554602038493229	0.13336090773037898	0.24529195944062154	0.04910058363765344	0.050597247507947155	0.514247557997558	0.7077445203427353	3.9999998996038566	-0.0	0.0	0.0	-0.003327791862905905	0.0	1000000	-
122	122	118	ok	-0.045724	-0.0307832493305798	0.4549487506694202	0.5842724052738316	0.5204927585659224	0.35812762009891147	0.6304185255242831	0.31075609848856367	0.1107214315079219	0.7381829975579975	0.8001841638442404	3.005033998557993	-0.0	-0.014940972603168757	0.0	0.0	0.0	1000000	127
123	123	119	ok	-0.022719	0.00039816081010196624	0.48613016081010196	0.6167114136321679	0.5655811314679109	0.3474866956645325	0.6911868248299939	0.34026599127797036	0.13116160610265903	0.7379578754578755	0.7953231102035597	3.881927025317096	-0.0	-0.023117042441063614	0.0	0.0	0.0	1000000	126,128
124	124	120	ok	-0.085883	-0.027410031302309346	0.45832196869769065	0.580284783517292	0.5739112272162321	0.3289220500247175	0.6774283263629214	0.25302627118689164	0.11963736644778923	0.7198010713377416	0.7894925145631585	1.0017305817281377	-0.0	-0.01850734657911569	0.0	0.0	-0.03996538836543725	1000000	-
125	125	117	ok	-0.339973	-0.33997273392230354	0.14575926607769643	0.21980917456214644	0.10504800928597127	0.1829698674792437	0.24591865285470196	0.04910053469086885	0.05096036113200095	0.513867902930403	0.739389668304892	4.0000000238838815	-0.0	0.0	0.0	0.0	0.0	1000000	-
126	126	123	ok	-0.005128	0.006516033678406863	0.49224803367840686	0.6153601527501603	0.5454928797004814	0.3642153649431828	0.6790211829958573	0.3802627070741061	0.10247949029013137	0.7164548992673992	0.7895458010455205	3.734981917719055	-0.0	-0.011644196116052547	0.0	0.0	0.0	1000000	131,133,137,139,145,154
127	127	122	ok	-0.066449	-0.05297790963464016	0.43275409036535983	0.5503471366402155	0.5019380755645456	0.330030856151923	0.6431247067989657	0.2559227229460047	0.10704563430875369	0.7515148046398047	0.8035270217899338	3.999997135001129	-0.0	-0.013470653723501475	0.0	0.0	0.0	1000000	-
128	128	123	ok	-0.032973	-0.016655490951462515	0.4690765090485375	0.6031485707510152	0.5656546548844109	0.35482031817805565	0.686969686171043	0.2688613769606403	0.11416215928894588	0.7504063644688644	0.7991139081822278	3.994118679355157	-0.0	-0.016317263715578352	0.0	0.0	0.0	1000000	135,153
129	129	119	ok	-0.058783	-0.04094196170529163	0.44479003829470837	0.6010032131300809	0.527714373500172	0.32360917278807405	0.6435803869305237	0.28425621996006384	0.11797099772435991	0.7631707181795132	0.7827125908611358	3.795506105926937	-0.0	-0.017840799089743963	0.0	0.0	0.0	1000000	-
130	130	108	ok	-0.010912	0.005963863250469104	0.4916958632504691	0.5925671914869606	0.57891817784715	0.36345436165589906	0.7024731687106379	0.3219377447881896	0.11555830373438225	0.7606341575091575	0.8174169498501873	3.8116647455311066	-0.0	-0.0168757214937529	0.0	0.0	0.0	1000000	132,134,138
131	131	126	ok	-0.389593	-0.389390805939617	0.09634119406038301	0.18764202083766407	-0.04482686131917944	0.1333255178189035	0.24776456348003395	0.04910155626177404	0.04939650197732113	0.5142647283272284	0.7155584420148067	3.9999999641343154	-0.0	0.0	0.0	-0.00020222319407734446	0.0	1000000	-
132	132	130	ok	-0.374451	-0.37445104992291967	0.11128095007708033	0.20621411885574262	0.10078106096575874	0.15419970283070542	0.14258991580438724	0.04755312070746991	0.035893195972107994	0.5220581501831502	0.7365677119786485	4.0000000339507364	-0.0	0.0	0.0	0.0	0.0	1000000	-
133	133	126	ok	-0.039158	-0.012529028473053372	0.4732029715269466	0.6151288098809455	0.5158876729963782	0.3620014857569449	0.6786363984262825	0.3362863289281807	0.13994027722171726	0.7253262362637363	0.8217937939315704	3.9889461265846604	-0.0	-0.026628510888686903	0.0	0.0	0.0	1000000	144
134	134	130	ok	-0.02522	-0.004256714727476407	0.4814752852725236	0.5841192211539866	0.5580878279228761	0.3394152403462593	0.685900542922596	0.34249752989836313	0.1257781630187594	0.755818833943834	0.7917836901171	3.927463644389257	-0.0	-0.020963665207503764	0.0	0.0	0.0	1000000	136,140
135	135	128	ok	-0.426237	-0.39573247075844353	0.08999952924155648	0.19113275668481353	-0.08203940523785361	0.14445517745675868	0.24848206376631682	0.049100280981003976	0.1353054616076281	0.514031974969475	0.7017392669479581	3.9999970150654645	-0.0	-0.02477458464305124	0.0	-0.005729893220816785	0.0	1000000	-
136	136	134	ok	-0.061397	-0.040545103258542436	0.44518689674145756	0.530915849806193	0.5545102395619719	0.36213520648780506	0.6743521044039217	0.18975003651213163	0.12549841338651077	0.7378205128205129	0.7937256459798698	3.8789217255641906	-0.0	-0.02085176535460431	0.0	0.0	0.0	1000000	-
137	137	126	ok	-0.385464	-0.38316529745604916	0.10256670254395084	0.19488589167735834	-0.023479231686788143	0.13731217001995483	0.24733388542891474	0.049099986413721916	0.049648351836622806	0.514308608058608	0.7103163235920744	4.000000216175377	-0.0	0.0	0.0	-0.002299070563170247	0.0	1000000	-
138	138	130	ok	-0.289416	-0.2800153405337771	0.20571665946622292	0.2577356137829829	0.1579135782956188	0.18410591444478155	0.4205397474355225	0.060307397688968714	0.09686982121677466	0.6163099053724054	0.7487082722533999	4.165108531833175	-0.0	-0.009400328486709865	0.0	0.0	0.0	1000000	-
139	139	126	ok	-0.041635	-0.02257744734547823	0.46315455265452177	0.5397372550953967	0.5414976907045395	0.35041258534030234	0.691615829123227	0.2690921054500182	0.12101388158120169	0.6830070970695971	0.8165164598331408	3.8177923639471243	-0.0	-0.019057952632480675	0.0	0.0	0.0	1000000	149
140	140	134	ok	-0.015389	-0.0027670752390893116	0.4829649247609107	0.5834723059424551	0.5615194470434434	0.35665614160267517	0.6656906679883294	0.3479934424091948	0.10492277981942162	0.7696523962148962	0.792110354054797	3.9817058218494625	-0.0	-0.012621511927768649	0.0	0.0	0.0	1000000	141,142,143,147,150,152,155
141	141	140	ok	-0.347025	-0.34702451028900355	0.13870748971099645	0.217259141379121	0.08566922530733771	0.17665219570133714	0.24340774253396294	0.049100795301348074	0.04987203469456948	0.51412355006105	0.7259298405470469	3.9999998208348155	-0.0	0.0	0.0	0.0	0.0	1000000	-
142	142	140	ok	-0.346167	-0.34616655305534183	0.1395654469446582	0.21031866919508696	0.09083282767011777	0.17432303368605095	0.2440057657147	0.04910016070776404	0.04989352803040959	0.5141082875457875	0.7424383425316656	3.9999998085998443	-0.0	0.0	0.0	0.0	0.0	1000000	-
143	143	140	ok	-0.068418	-0.0474084937910938	0.4383235062089062	0.5311178307035912	0.5331535782699833	0.34835785570524413	0.6501684544624428	0.22161413639795466	0.1157897211874988	0.7305994352869353	0.808158097112653	2.7979215995410964	-0.0	-0.01696828847499952	0.0	0.0	-0.004041568009178071	1000000	-
144	144	133	ok	-0.405137	-0.3930732312957498	0.09265876870425019	0.19311237510331036	-0.04873217391097873	0.12179877165317059	0.248468298217878	0.04910017885693089	0.09787193479153443	0.5143486721611722	0.7104075548515899	4.000001189604724	-0.0	-0.00980117391661377	0.0	-0.002262578059364051	0.0	1000000	-
145	145	126	ok	-0.027668	-0.007015897889794065	0.47871610211020593	0.607552557962093	0.5730306761306861	0.3537592858177883	0.6829869243422358	0.3050875221501134	0.12499824070717674	0.731650641025641	0.818019211358132	3.917964863575752	-0.0	-0.020651696282870696	0.0	0.0	0.0	1000000	146,148,194
146	146	145	ok	-0.053115	-0.03960899658359429	0.4461230034164057	0.563247271407467	0.5473295776437391	0.3360187131070893	0.6702297854556138	0.2309139374591805	0.10713339371474277	0.689217032967033	0.8077700304680243	3.8884304169695776	-0.0	-0.013505757485897107	0.0	0.0	0.0	1000000	-
147	147	140	ok	-0.067018	-0.06701846147486579	0.4187135385251342	0.531876928818625	0.5414178227430967	0.3192777545669204	0.633859402022872	0.18029917476764773	0.05930032774131827	0.7328201312576312	0.7725488191283545	3.332282438960692	-0.0	0.0	0.0	0.0	0.0	1000000	-
148	148	145	ok	-0.421449	-0.38772879519412445	0.09800320480587554	0.19854623727180423	-0.04158849276663196	0.1329438123540445	0.25155673330225925	0.04910076633383038	0.15478406667195677	0.5044146825396826	0.7131787822559745	4.000003447360462	-0.0	-0.03256602666878271	0.0	-0.0011540870976102014	0.0	1000000	-
149	149	139	ok	-0.06026	-0.0367917173375219	0.4489402826624781	0.5381206089444083	0.5490844361141446	0.3640231391587956	0.6809639385230349	0.20168961685393724	0.13203893434307912	0.715758547008547	0.8041125859878379	3.975958323191752	-0.0	-0.023467973737231647	0.0	0.0	0.0	1000000	-
150	150	140	ok	-0.043263	-0.02632995771712132	0.4594020422828787	0.5970970065522629	0.5351574004509034	0.3449737811730014	0.6703375531825496	0.2871394343250604	0.11570109246730365	0.751953601953602	0.7814994683815266	3.3253766015838297	-0.0	-0.016932836986921457	0.0	0.0	0.0	1000000	151
151	151	150	ok	-0.036021	-0.03135047873815422	0.4543815212618458	0.5780395632935466	0.5219344818740114	0.35184091292958974	0.6570741897949782	0.2866765004488039	0.08504468472270316	0.7421016483516484	0.7887609199173945	4.2061619386925075	-0.0	-0.004670273889081262	0.0	0.0	0.0	1000000	164
152	152	140	ok	-0.46881	-0.38238457520353175	0.10334742479646827	0.3493970353237429	-0.1274132797108951	-0.002460301197205096	0.3356674883210416	0.2075957917729317	0.040643292700338084	0.5722505001290655	nan	4.475329954637073	-0.0	0.0	0.0	-0.08642560000000002	0.0	1000000	-
153	153	128	ok	-0.011628	0.0075347505375726875	0.4932667505375727	0.5981775249385021	0.5795724670112892	0.3637007120727224	0.7055490892754441	0.324244733790835	0.1212766229941244	0.7392017704517705	0.8235319890704866	3.94920934446529	-0.0	-0.01916304919764976	0.0	0.0	0.0	1000000	157,159,161
154	154	126	ok	-0.007304	0.011398636583338229	0.4971306365833382	0.6041826881538321	0.5639862892067914	0.37420564042237314	0.7066676098477148	0.3436630068564734	0.12012668326657602	0.7103346306471306	0.8070497619840868	3.9823421345982095	-0.0	-0.01870307330663041	0.0	0.0	0.0	1000000	156,158,160,163,165,188,193,199
155	155	140	ok	-0.044765	-0.019449032534835153	0.46628296746516484	0.5925248529994271	0.5195092781286669	0.33826671748735165	0.6701542822293391	0.33720159201530187	0.13665858791512173	0.7409913003663003	0.786543706673631	3.6036989939210295	-0.0	-0.02531583516604869	0.0	0.0	0.0	1000000	190
156	156	154	ok	-0.035825	-0.021639288823644465	0.46409271117635553	0.6054568744717658	0.5546703833038704	0.35663269020289023	0.6611289080467442	0.28393886315191724	0.10883347219817639	0.7365480006105006	0.8045675443115262	3.8455578189889206	-0.0	-0.014185788879270557	0.0	0.0	0.0	1000000	162
157	157	153	ok	-0.055236	-0.0434294841944291	0.4423025158055709	0.5843518434687461	0.5662356856571777	0.34223782790562096	0.6704899604260295	0.1902465892334555	0.10288599166330027	0.7432749542124543	0.8058605683305475	3.736634538882104	-0.0	-0.011806796665320108	0.0	0.0	0.0	1000000	-
158	158	154	ok	-0.38553	-0.38553049392547944	0.10020150607452055	0.19248166016048907	-0.03504422543448078	0.13788579781286653	0.248864714199231	0.04909973772046544	0.04986205941972529	0.5140682234432234	0.7211388842330403	3.999999952062597	-0.0	0.0	0.0	0.0	0.0	1000000	-
159	159	153	ok	-0.052956	-0.038307114533772724	0.4474248854662273	0.5352792468467416	0.5357345458753294	0.34128796205384754	0.6782865465547974	0.2343904873809348	0.10999222435779521	0.7584306318681319	0.8089289616914913	3.9862674244325866	-0.0	-0.014649289743118084	0.0	0.0	0.0	1000000	-
160	160	154	ok	-0.387008	-0.38700757007565256	0.09872442992434746	0.1939984008542112	-0.03900418387773666	0.13521701915533388	0.2495847212866472	0.049100163133145455	0.04989912385902393	0.5140396062271062	0.7250258528331337	3.9999997840089017	-0.0	0.0	0.0	0.0	0.0	1000000	-
161	161	153	ok	-0.00362	0.015194654630633131	0.5009266546306331	0.609111689686803	0.5599954865774297	0.3764268372978151	0.6984032478838301	0.3688810467634574	0.1204061013289546	0.7228994963369964	0.8213626973328543	3.925624260029105	-0.0	-0.01881484053158184	0.0	0.0	0.0	1000000	166,168,169,170,172,173,174,176,177,178,179,180,182,185,186,187,189,191,192,195,198,200
162	162	156	ok	-0.018925	0.0034211722989900273	0.48915317229899	0.6077778501011233	0.5805969447848782	0.3673731289926009	0.7033316959069572	0.3053109195115238	0.12923537254627024	0.7017857142857142	0.8091115509435691	4.002490151758894	-0.0	-0.022346549018508095	0.0	0.0	0.0	1000000	167,171,175,184,197
163	163	154	ok	-0.419151	-0.3941247542129557	0.09160724578704431	0.19362510239984984	-0.04639345389205636	0.12600603885252074	0.23771507251404594	0.04910132567366693	0.13593395558383953	0.5102964743589744	0.7171478591917226	4.000003504675591	-0.0	-0.02502598223353581	0.0	0.0	0.0	1000000	-
164	164	151	ok	-0.071432	-0.054594017738023026	0.43113798226197697	0.580764542470324	0.44078575267352155	0.33543686079774776	0.6770496416504937	0.2712796739261448	0.11546379692850206	0.72025144993895	0.7958522037319149	3.9908860207637384	-0.0	-0.016837918771400822	0.0	0.0	0.0	1000000	-
165	165	154	ok	-0.402146	-0.3948810320038825	0.09085096799611748	0.29928488771771833	-0.05471434097108114	0.15187288102411134	0.21740750884069562	0.048837823090744074	0.03143607597785496	0.5217796092796093	0.6979016770034726	3.9999997916104566	-0.0	0.0	0.0	-0.00726492919861097	0.0	1000000	-
166	166	161	ok	-0.465185	-0.4391396473795018	0.046592352620498226	0.1678423350077789	-0.13069096806147756	0.021086269726480266	0.24687364319189678	0.04910046562509341	0.04959060420033086	0.5141922313797314	0.6509516153476974	3.999999426784511	-0.0	0.0	0.0	-0.026044953860921052	0.0	1000000	-
167	167	162	ok	-0.059038	-0.04069326123480227	0.44503873876519773	0.5783562709407555	0.5262534339538475	0.3617543146994975	0.6405394285906819	0.25160777781676413	0.11923170527079245	0.7617845695970696	0.7912933633063225	3.857278369707029	-0.0	-0.01834508210831698	0.0	0.0	0.0	1000000	-
168	168	161	ok	-0.080101	-0.08010102797049024	0.40563097202950976	0.5837203750855929	0.4518263142751105	0.3273107515703436	0.5987372620921598	0.24464956018042508	0.0479221990931104	0.6648065476190477	0.7873105888330735	3.653065813610915	-0.0	0.0	0.0	0.0	0.0	1000000	-
169	169	161	ok	-0.045254	-0.03288736832592021	0.4528446316740798	0.5800910509456643	0.4971185765448822	0.342366515202924	0.6758132754375205	0.2960801595109926	0.10428601960909849	0.7142322954822955	0.8086969074647793	4.000118355551047	-0.0	-0.012366807843639395	0.0	0.0	0.0	1000000	196
170	170	161	ok	-0.408686	-0.40456969895472167	0.08116230104527833	0.30422336727980714	-0.09225453169938032	0.14931620419999056	0.2185451525051153	0.04904237917538779	0.03165124885556733	0.5215449481074481	0.7057732524580583	4.000000233751676	-0.0	0.0	0.0	-0.004116299016776681	0.0	1000000	-
171	171	162	ok	-0.053711	-0.03377424806926227	0.45195775193073773	0.5659801242322713	0.5519945432167063	0.34577560096946375	0.6604664715657109	0.24959439197106992	0.12321081751491449	0.7183188339438339	0.787965858964074	3.932362276203945	-0.0	-0.019936727005965795	0.0	0.0	0.0	1000000	-
172	172	161	ok	-0.081426	-0.061209000007679204	0.4245229999923208	0.5908523284543394	0.5210621341845838	0.3468193441185221	0.6726960049469933	0.15751451671918387	0.1239105999524794	0.7165646717547779	0.81806516830866	3.9509890904569915	-0.0	-0.020216639980991758	0.0	0.0	0.0	1000000	-
173	173	161	ok	-0.472885	-0.4424629155888195	0.04326908441118051	0.17817662696175443	-0.170354023047915	0.0493446746961022	0.24498408827696405	0.049101597719570796	0.05131857165486016	0.5168117088607594	0.6400081561369064	3.9999999759089633	-0.0	0.0	0.0	-0.030422337545237446	0.0	1000000	-
174	174	161	ok	-0.054397	-0.030856108074941657	0.45487589192505834	0.6251316441494666	0.6067996423729564	0.33241860319239996	0.678975385453863	0.20130993668101413	0.13222231972067125	0.7309866617797043	0.8060456830551049	3.894107632063883	-0.0	-0.0235413278882685	0.0	0.0	0.0	1000000	-
175	175	162	ok	-0.38222	-0.3822195358736645	0.10351246412633552	0.19757708047295758	-0.02908302815058932	0.14337272705478826	0.25065981857157715	0.049100339029566016	0.04958392583835891	0.5141769688644688	0.7250596100686446	4.000000202661785	-0.0	0.0	0.0	0.0	0.0	1000000	-
176	176	161	ok	-0.480991	-0.4378297062969491	0.04790229370305088	0.17365734790729964	-0.1567904614752004	0.051012635102567816	0.24828729269118485	0.04909970849365125	0.07831705221949302	0.5167277167277168	0.6131092049818019	4.000000252238732	-0.0	-0.0019792208877972063	0.0	-0.041181918007279265	0.0	1000000	-
177	177	161	ok	-0.464277	-0.43628397758472864	0.04944802241527137	0.16648072646410436	-0.1364108758437334	0.03533554963228716	0.2497668684898147	0.049100547382717026	0.04970886098967951	0.5153496057513914	0.6460814388077638	4.0000004075746505	-0.0	0.0	0.0	-0.02799302447689449	0.0	1000000	-
178	178	161	ok	-0.414896	-0.38980465578253987	0.09592734421746016	0.24281052342663784	-0.1116204608643865	0.02888090739633676	0.4219442450480366	0.04450468528985375	0.06567372245471562	0.6556967338217338	0.6533354397995351	4.000001493630285	-0.0	0.0	0.0	-0.025091424080185967	0.0	1000000	-
179	179	161	ok	-0.04251	-0.02264959708265385	0.46308240291734615	0.5883235606265782	0.5090758381330411	0.3573766452830583	0.6715363618714356	0.3143407663818496	0.12302106280222641	0.7344513125763126	0.8455483774898808	3.9106514617653825	-0.0	-0.019860825120890564	0.0	0.0	0.0	1000000	183
180	180	161	ok	-0.038767	-0.025054169110371782	0.4606778308896282	0.5941341251444583	0.5019738531190036	0.36267485879405886	0.684261550094688	0.2938010615507626	0.1076509705247348	0.7037087912087913	0.8160025354101574	3.019877467429219	-0.0	-0.013712788209893918	0.0	0.0	0.0	1000000	181
181	181	180	fail	-1000000000.0																		-
182	182	161	fail	-1000000000.0																		-
183	183	179	fail	-1000000000.0																		-
184	184	162	fail	-1000000000.0																		-
185	185	161	fail	-1000000000.0																		-
186	186	161	fail	-1000000000.0																		-
187	187	161	fail	-1000000000.0																		-
188	188	154	fail	-1000000000.0																		-
189	189	161	fail	-1000000000.0																		-
190	190	155	fail	-1000000000.0																		-
191	191	161	fail	-1000000000.0																		-
192	192	161	fail	-1000000000.0																		-
193	193	154	fail	-1000000000.0																		-
194	194	145	fail	-1000000000.0																		-
195	195	161	fail	-1000000000.0																		-
196	196	169	fail	-1000000000.0																		-
197	197	162	fail	-1000000000.0																		-
198	198	161	fail	-1000000000.0																		-
199	199	154	fail	-1000000000.0																		-
200	200	161	fail	-1000000000.0																		-
